title,review,numberReviews,creator,price,inStock
Истребитель демонов. Том 1. Жестокость,9.2,217,Готогэ Коёхару,690,В наличии
Моя геройская академия. Книга 9. Лемиллион. Светлое будущее,9.4,51,Хорикоси Кохэй,746,В наличии
Стальной Алхимик. Книга 1,9.7,639,Аракава Хирому ,992,В наличии
Токийский гуль: re. Книга 1,9.3,254,Исида Суи,801,В наличии
Моя геройская академия. Книга 3,9.5,320,Хорикоси Кохэй,749,В наличии
Made in Abyss. Созданный в Бездне. Том 1,9.5,272,Цукуси Акихито,645,В наличии
Призрак в доспехах 2. Человеко-машинный интерфейс,8.5,53,Масамунэ Сиро,995,В наличии
Naruto. Наруто. Книга 3. Верный путь,9.4,333,Кисимото Масаси ,894,В наличии
One Piece. Большой куш. Книга 2,9.6,277,Ода Эйитиро ,897,В наличии
Токийский гуль:re 8. Книга 15-16. Манга,9.4,87,Исида Суи,799,В наличии
Naruto. Наруто. Книга 6. Бой в Листве. Финал,9.7,153,Кисимото Масаси ,894,В наличии
Токийский гуль. Книга 3. Том 5-6,9.8,554,Исида Суи,801,В наличии
Death Note. Black Edition. Книга 2: манга,9.8,976,Ооба Цугуми ,1001,В наличии
Госпожа Кагуя: В любви как на войне. Любовная битва двух гениев 1. Кн.1-2,9.5,182,Акасака Ака,914,В наличии
"Очень приятно, Бог. Том 2",9.7,240,Судзуки Джульетта,559,В наличии
Дневник будущего. Том 1,9.1,145,Сакаэ Эсуно,468,Осталось мало
"Fairy Tail. ""Хвост Феи"". Т. 1",9.6,217,Масима Хиро,476,В наличии
Beastars. Выдающиеся звери. Том 1,9.5,80,Итагаки Пару,995,В наличии
Naruto. Наруто. Книга 5. Прерванный экзамен,9.5,207,Кисимото Масаси ,894,В наличии
Sailor Moon. Том 2,9.7,193,Такэути Наоко,609,В наличии
Death Note. Black Edition. Книга 3: манга,9.8,793,Ооба Цугуми ,1001,В наличии
Сердца Пандоры. Книга 1,9.4,177,Мотидзуки Дзюн,801,В наличии
Бездомный бог. Том 2.,9.7,603,Адатитока ,459,В наличии
Восхождение Героя Щита. Том 1.,9.6,496,Кю Айя ,559,В наличии
Naruto. Наруто. Книга 4. Превосходный ниндзя,9.3,260,Кисимото Масаси ,894,В наличии
"Герой, т. 3",—,Мало,Ким Хван ,263,Осталось мало
Токийский гуль 4. Книги 7-8,9.6,480,Исида Суи,801,В наличии
"Атлас и Аксис, т. 2",—,Мало,Пау,396,Осталось мало
"Бандак, том 1",—,Мало,Айс Лена,432,Осталось мало
Рыцари Сидонии. Том 7,—,Мало,Нихэй Цутому,408,Последний экземпляр
Гостья М День 1-й,—,Мало,Кояма К.,679,Осталось мало
"""Страна чудес смертников"". Том 6",9.6,28,Катаока Дзинсэй,459,Осталось мало
Чудовище за соседней партой. Том 7.,9.5,59,Робико ,408,В наличии
Эльф не может похудеть. Том 3,new,Мало,Синекдоха,396,Осталось мало
Redrum 327. Т. 3,8.6,61,Ко Я Сён,209,Осталось мало
Врата Штейна. Том 1,9.7,525,Ёми Сарати ,559,В наличии
Made in Abyss. Созданный в бездне. Том 9,9.5,72,Цукуси Акихито,675,Осталось мало
Beastars. Выдающиеся звери. Том 3,9.1,48,Итагаки Пару,995,В наличии
Made in Abyss. Созданный в бездне. Том 7,9.4,113,Цукуси Акихито,645,В наличии
Made in Abyss. Созданный в бездне. Том 4,9.8,171,Цукуси Акихито,675,Осталось мало
Сердца Пандоры. Книга 2,9.4,139,Мотидзуки Дзюн,799,В наличии
Истории монстров. Том 2,9.8,80,Исин Нисио,459,В наличии
Без игры жизни нет. Том 1 (манга),9.4,234,Ю Камия,559,В наличии
One Piece. Большой куш. Книга 5. Только вперед!,9.6,128,Ода Эйитиро ,897,Осталось мало
Akira. Том 1,9.5,190,Отомо Кацухиро,1279,В наличии
Врата Штейна. Том 3.,9.8,436,Ёми Сарати ,459,В наличии
Стальной Алхимик. Книга 9,9.6,179,Аракава Хирому ,992,В наличии
Бездомный бог. Том 4.,9.8,385,Адатитока ,559,В наличии
Бездомный бог. Том 11,9.9,121,Адатитока ,559,В наличии
Истории монстров. Том 6.,9.1,23,Исин Нисио,459,В наличии
Торадора! Том 4,9.8,70,Такэмия Ююко ,432,В наличии
"Девушка у моря, том 1",8.8,53,Асано Инио ,450,Осталось мало
Врата Штейна 0. Том 3,9.8,48,Химэно Така,559,В наличии
Восхождение Героя Щита. Том 16,new,Мало,Кю Айя ,559,В наличии
One-Punch Man. Книга 9,9.7,111,One,749,Осталось мало
Научное доказательство любви. Том 2,9.3,29,Ямамото Альфред,645,В наличии
Orange. Том 1,9.6,38,Такано Итиго,659,В наличии
Форма голоса Т. 1,9.8,57,Оима Ёситоки,699,Последний экземпляр
Стальной Алхимик. Книга 8,9.8,203,Аракава Хирому ,992,В наличии
"""Страна чудес смертников"". Том 3",9.7,63,Катаока Дзинсэй,391,Последний экземпляр
Восхождение героя Щита. Том 14,new,Мало,Кю Айя ,559,В наличии
ТораДора! Тигр и Дракон. Том 8,9.3,58,Такэмия Ююко ,299,Последний экземпляр
Зов Ктулху. По мотивам повести Г. Ф. Лавкрафта,10,25,Лавкрафт Говард Филлипс,499,В наличии
One-Punch Man. Книга 10,9.4,99,One,746,В наличии
"Fairy Tail ""Хвост Феи"". Том 4",9.5,103,Масима Хиро,476,В наличии
Твоё имя. Том 1,9.6,38,Синкай Макото ,699,В наличии
Стальной Алхимик. Книга 10,9.6,151,Аракава Хирому ,992,В наличии
Загадка дьявола Том 1.,9.3,88,Кога Юн ,459,Последний экземпляр
Восхождение Героя Щита. Том 3.,9.7,327,Кю Айя ,459,Осталось мало
Дитя погоды. Том 2,new,Мало,Синкай Макото ,659,В наличии
Сердца Пандоры. Книга 5,9.7,63,Мотидзуки Дзюн,799,В наличии
Стальной Алхимик. Книга 2,9.8,458,Аракава Хирому ,992,В наличии
Последнее путешествие девочек. Том 2,9.4,59,Цукумидзу,925,Осталось мало
Стальной Алхимик. Книга 15,9.8,80,Аракава Хирому ,989,В наличии
Death Note. Black Edition. Книга 5,9.8,543,Ооба Цугуми ,1001,В наличии
Made in Abyss. Созданный в Бездне. Том 3,9.9,179,Цукуси Акихито,645,В наличии
Атака на титанов 6. Книги 11 и 12,9.6,635,Исаяма Хадзимэ ,749,В наличии
Death Note. Black Edition. Книга 6,9.7,512,Ооба Цугуми ,1001,В наличии
Моя геройская академия. Книга 7,9.6,108,Хорикоси Кохэй,746,В наличии
Врата Штейна 0. Том 1,9.5,128,Химэно Така,559,В наличии
Магическая битва 0. Токийский магический колледж: Ослепительная тьма: манга,9.7,69,Акутами Гэгэ,620,В наличии
Made in Abyss. Созданный в бездне. Том 6,9.8,137,Цукуси Акихито,645,В наличии
Атака на титанов. Книга 15,9.5,309,Исаяма Хадзимэ ,749,В наличии
One Piece. Большой куш. Книга 4,9.8,165,Ода Эйитиро ,897,В наличии
Атака на Титанов. Книга 7,9.6,592,Исаяма Хадзимэ ,749,В наличии
Сердца Пандоры. Книга 6,10,36,Мотидзуки Дзюн,799,В наличии
Дитя погоды. Том 1,new,Мало,Синкай Макото ,699,В наличии
Кайдан,9.9,84,Ито Дзюндзи,934,Осталось мало
Нелюдь. Том 1,9.6,240,Сакураи Гамон,459,В наличии
Моя геройская академия. Книга 6,9.4,145,Хорикоси Кохэй,746,В наличии
Соити,9.7,97,Ито Дзюндзи,1039,В наличии
Госпожа Кагуя: В любви как на войне: Любовная битва двух гениев. Книга 2,9.7,109,Акасака Ака,914,В наличии
Атака на титанов. Книга 5,9.6,734,Исаяма Хадзимэ ,749,В наличии
Семь смертных грехов. Том 1,9.4,136,Судзуки Накаба,794,В наличии
Токийский гуль: re 2. Книги 3-4,9.6,190,Исида Суи,801,В наличии
Death Note. Black Edition. Книга 4,9.7,639,Ооба Цугуми ,1001,В наличии
Восхождение Героя Щита. Том 2.,9.6,385,Кю Айя ,559,В наличии
Токийский гуль 7. Книги 13-14,9.6,337,Исида Суи,801,В наличии
One-Punch Man 2 Книги 3-4: манга,9.8,361,One,749,В наличии
"Призрак в доспехах 1,5. Процессор с человеческой погрешностью",9.2,21,Масамунэ Сиро,799,В наличии
Токийский гуль 6. Книги 11-12,9.7,362,Исида Суи,801,В наличии
"Очень приятно, Бог. Том 4.",9.9,142,Судзуки Джульетта,459,В наличии
One Piece. Большой куш. Книга 3,9.6,208,Ода Эйитиро ,897,В наличии
Made in Abyss. Созданный в Бездне. Том 2,9.6,207,Цукуси Акихито,645,В наличии
Токийский гуль. Книга 5,9.7,399,Исида Суи,801,В наличии
Тетрадь дружбы Нацумэ. Том 1,9.4,55,Мидорикава Юки,709,В наличии
Атака на титанов. Потерянные девочки,9.5,409,Исаяма Хадзимэ ,749,В наличии
Атака на титанов. Книга 16,9.6,309,Исаяма Хадзимэ ,746,В наличии
У меня мало друзей. Том 1.,9.4,250,Итати,459,Осталось мало
Sailor Moon. Прекрасный воин Сейлор Мун. Том 3,9.8,137,Такэути Наоко,609,В наличии
Моя геройская академия. Книга 5,9.5,208,Хорикоси Кохэй,749,В наличии
SPY x FAMILY: Семья шпиона. Том III,9.7,39,Тацуя Эндо,699,В наличии
Beastars. Выдающиеся звери. Том 4,9.4,35,Итагаки Пару,995,В наличии
Томиэ. Том 1,9.7,92,Ито Дзюндзи,934,В наличии
Призрак в доспехах 1,9.2,234,Масамунэ Сиро,998,В наличии
SPY x FAMILY: Семья шпиона. Том II,10,38,Тацуя Эндо,699,В наличии
Атака на Титанов. Книга 4,9.6,889,Исаяма Хадзимэ ,749,В наличии
Стальной Алхимик. Книга 14,9.6,91,Аракава Хирому ,989,В наличии
One-Punch Man 11: Книги 21-22,9.6,53,One,746,В наличии
Сердца Пандоры. Книга 4,9.7,83,Мотидзуки Дзюн,799,В наличии
Стальной Алхимик. Книга 4,9.9,335,Аракава Хирому ,992,В наличии
"Очень приятно, Бог. Том 5.",9.9,126,Судзуки Джульетта,559,В наличии
"Fairy Tail ""Хвост Феи"". Том 3",9.6,115,Масима Хиро,559,В наличии
Бездомный бог. Том 5,9.8,380,Адатитока ,459,В наличии
Стальной Алхимик. Книга 13,9.8,102,Аракава Хирому ,989,В наличии
Бездомный Бог. Том 10,9.9,131,Адатитока ,559,В наличии
Токийский гуль:re. Книга 6,9.5,116,Исида Суи,799,В наличии
"Манга. Врата Штейна, том 2",9.7,506,Ёми Сарати ,459,В наличии
Город кислоты,9.3,290,Кюго ,559,В наличии
Госпожа Кагуя: В любви как на войне: Любовная битва двух гениев. Книга 4,9.5,61,Акасака Ака,911,В наличии
One Piece. Большой куш. Книга 7. Восстание,9.3,96,Ода Эйитиро ,894,В наличии
All You Need Is Kill. Грани будущего. Книга 1,9.6,519,Сакурадзака Хироси ,559,В наличии
_комикс Так сложно любить отаку. Том 5,new,Мало,Фудзита,579,В наличии
"Fairy Tail. ""Хвост Феи"". Т. 2",9.6,145,Масима Хиро,476,В наличии
Атака на титанов. Книга 12,9.6,371,Исаяма Хадзимэ ,749,Осталось мало
"Нахальный принц и кошка-несмеяна, том 1. (Манга)",9.2,288,Окомэкэн ,459,Осталось мало
_комикс Re:Zero. Жизнь с нуля в альтернативном мире. Неделя в особняке. Том 2,new,Мало,Таппэй Нагацуки,579,В наличии
Стон сливной трубы,9.8,28,Ито Дзюндзи,934,В наличии
Без игры жизни нет. Том 2,9.4,96,Ю Камия,459,В наличии
Хеталия и страны Оси. Т.1 +с/о,9.7,124,Хидэкадзу Химаруя,396,В наличии
Атака на Титанов. Книга 10,9.7,475,Исаяма Хадзимэ ,749,В наличии
Токийский гуль:re. Книга 5,9.7,126,Исида Суи,799,В наличии
Токийский гуль:re. Книга 4,9.7,161,Исида Суи,801,В наличии
Ты сияешь лунной ночью. Том 1,9.1,43,Мацусэ Даити,559,В наличии
Атака на титанов. Книга 11,9.7,384,Исаяма Хадзимэ ,749,В наличии
_комикс Так сложно любить отаку. Том 6,new,Мало,Фудзита,579,В наличии
Научное доказательство любви. Том 1,9.0,40,Ямамото Альфред,645,Осталось мало
Большой куш. Книга 8. Людские мечты,9.7,62,Ода Эйитиро ,894,В наличии
Beastars. Выдающиеся звери. Том 2,9.3,63,Итагаки Пару,995,В наличии
Сердца Пандоры. Книга 3,9.7,104,Мотидзуки Дзюн,799,В наличии
Атака на титанов. Книга 13,9.7,341,Исаяма Хадзимэ ,749,В наличии
Токийский гуль: re. Книга 3,9.7,162,Исида Суи,801,В наличии
One-Punch Man 3. Книги 5-6: манга,9.8,309,One,749,В наличии
Стальной Алхимик. Книга 3,9.9,387,Аракава Хирому ,992,В наличии
Бакуман. Книга 1,9.6,611,Ооба Цугуми ,749,В наличии
_комикс Так сложно любить отаку. Том 4,9.5,20,Фудзита,579,В наличии
Шерлок. Скандал в Белгравии. Часть 1,9.0,36,Моффат Стивен ,659,В наличии
Атака на Титанов. Книга 9,9.7,477,Исаяма Хадзимэ ,749,В наличии
Дезертир,9.6,41,Ито Дзюндзи,934,В наличии
Последнее путешествие девочек. Том 3,9.4,47,Цукумидзу,925,Осталось мало
Made in Abyss. Созданный в бездне. Том 8,9.5,97,Цукуси Акихито,645,В наличии
Госпожа Кагуя: В любви как на войне. Любовная битва двух гениев. Книга 3,9.7,84,Акасака Ака,914,В наличии
Атака на титанов. Книга 14,9.6,310,Исаяма Хадзимэ ,749,В наличии
Made in Abyss. Созданный в бездне. Том 5,9.8,153,Цукуси Акихито,645,В наличии
Дневник будущего. Том 3,9.5,58,Сакаэ Эсуно,468,В наличии
Госпожа Кагуя: В любви как на войне: Любовная битва двух гениев. Книга 5,10,37,Акасака Ака,911,В наличии
Токийский гуль:re. Книга 7,9.4,95,Исида Суи,799,В наличии
Врата Штейна 0. Том 2,10,42,Химэно Така,559,В наличии
Атака на титанов. 8: Книги 15 и 16: манга,9.6,559,Исаяма Хадзимэ ,749,В наличии
Тагар. Том третий,new,Мало,Сергеева Ася,659,В наличии
Assassins Creed: Меч Шао Цзюнь. Том 1,9.0,20,Курата Минодзи,675,В наличии
Стальной Алхимик. Книга 16,9.2,49,Аракава Хирому ,992,В наличии
One-Punch Man. Книга 8,9.7,138,One,749,Осталось мало
"""Страна чудес смертников"". Том 2",9.5,73,Катаока Дзинсэй,459,В наличии
One-Punch Man. Книга 5,9.8,214,One,749,В наличии
One-Punch Man. Книга 4,9.8,243,One,749,Осталось мало
Загадка дьявола. Том 2.,9.6,49,Кога Юн ,559,В наличии
Пустая шкатулка и нулевая Мария. Книга 1,9.2,41,Микагэ Эйдзи,746,Осталось мало
Прощайте горе-учитель. Том 1,new,Мало,Кумэта Кодзи,1208,В наличии
Тетрадь дружбы Нацумэ. Том 3,10,25,Мидорикава Юки,709,В наличии
BECK. Книга 1,new,Мало,Сакуиси Харольд,1495,Осталось мало
"Очень приятно, бог. Том 11",9.9,83,Судзуки Джульетта,408,В наличии
Бэтмен/Элмер Фадд. Моя добыча,new,Мало,Кинг Том,267,В наличии
Шерлок Большая игра (илл. Jay),9.8,46,Моффат Стивен ,659,В наличии
Бездомный бог. Том 9,9.9,202,Адатитока ,459,В наличии
"Волчица и пряности, том 1",9.9,116,Коумэ Кэйто ,579,В наличии
Она и её кот (илл. Ямагути),9.7,75,Синкай Макото ,659,В наличии
Стальной Алхимик. Книга 7,9.8,224,Аракава Хирому ,992,Осталось мало
Бездомный бог. Том 13,9.5,55,Адатитока ,559,В наличии
Обещанная Страна Грез. Книга 4,9.6,31,Сираи Каиу,1059,В наличии
Стальной Алхимик. Книга 6,9.9,257,Аракава Хирому ,992,Последний экземпляр
Бездомный бог. Том 12,10,92,Адатитока ,559,В наличии
Бакуман. Книга 2,9.7,432,Ооба Цугуми ,749,В наличии
Обещанная Страна Грез. Книга 5,9.8,27,Сираи Каиу,1059,В наличии
Re:Zero. Жизнь с нуля в альтернативном мире. Неделя в особняке,—,Мало,Нагацуки Таппэй,659,В наличии
Стальной Алхимик. Книга 11,9.8,140,Аракава Хирому ,989,Осталось мало
Стальной Алхимик. Книга 5,9.8,288,Аракава Хирому ,992,Осталось мало
All You Need Is Kill. Грань будущего. Книга 2,9.6,481,Сакурадзака Хироси ,559,Осталось мало
Beastars. Выдающиеся звери. Том 5,8.5,34,Итагаки Пару,995,В наличии
Шерлок Слепой банкир (илл. Jay),9.6,47,Моффат Стивен ,659,В наличии
Дитя погоды. Том 3,new,Мало,Синкай Макото ,659,В наличии
Тетрадь дружбы Нацумэ. Комикс.Том 4,new,Мало,Мидорикава Юки,709,В наличии
Тагар. Том 1,9.2,32,Сергеева Ася,659,В наличии
Восхождение Героя Щита. Том 9,9.9,105,Кю Айя ,559,В наличии
Бездомный бог. т.7,10,254,Адатитока ,459,В наличии
Воскресенье без Бога. Том 2,new,Мало,Кимихито Ириэ,1095,В наличии
Восхождение Героя Щита. Том 6.,9.8,228,Кю Айя ,459,Осталось мало
Истории монстров. Том 5.,10,21,Исин Нисио,459,В наличии
Комикс «Мальчик-кайдан. Том 1. Истории о чудовищах»,new,Мало,Такахаси Ёскэ,754,В наличии
Чудовище за соседней партой. Том 1.,9.3,194,Робико ,559,В наличии
Пустая шкатулка и нулевая Мария. Книга 2,9.7,21,Микагэ Эйдзи,746,Осталось мало
Комикс Дневник будущего. Мозаика,new,Мало,Сакаэ Эсуно,468,В наличии
Научное доказательство любви. Том 6,new,Мало,Ямамото Альфред,645,Осталось мало
Пустая шкатулка и нулевая Мария. Книга 3,new,Мало,Микагэ Эйдзи,746,В наличии
За руку с демоном,—,Мало,Такахаси Ё.,754,Осталось мало
"Город, где вечером стихает ветер. Страна, где расцветает сакура",new,Мало,Коно Фумиё,945,Осталось мало
Роскошный карат. Добродетель тьмы. Том 1,—,Мало,Ю Хигури ,574,Осталось мало
Sword Art Online Progressive. Том 2,9.4,34,Кавахара Р.,579,В наличии
Бакуман. Том 5 . Книги 9-10 : манга,9.6,238,Ооба Цугуми ,749,Осталось мало
Незабудка,new,Мало,Цурута Кэндзи,1495,Последний экземпляр
Дневник будущего. Том 11,9.6,28,Сакаэ Эсуно,468,Осталось мало
Даже боги лгут,9.7,36,Одзаки Каори,579,В наличии
Тень над Иннсмутом-1,new,Мало,Танабэ Го,499,В наличии
_комикс Дракорничная госпожи Кобаяси. Том 5,—,Мало,Кул Кёсинндзя,579,В наличии
Врата;Штейна 0. Том 6.,new,Мало,Химэно Така,459,В наличии
Семь смертных грехов. Том 7,8.8,21,Судзуки Накаба,709,В наличии
Паразит. Том 3,new,Мало,Ивааки Хитоси,1245,В наличии
Бакуман. Кн.6,9.7,168,Ооба Цугуми ,749,В наличии
World of Warcraft. Крыло тени. Нексус,new,Мало,Кнаак Ричард ,525,Осталось мало
_комикс Дракорничная госпожи Кобаяси. Том 4,new,Мало,Кул Кёсинндзя,579,В наличии
Врата;Штейна 0. Том 5.,new,Мало,Химэно Така,459,В наличии
Сад изящных слов,—,Мало,"Синкай М., Мотохаси М.",699,В наличии
Эльф не может похудеть. Том 1,—,Мало,Синекдоха,396,Последний экземпляр
GUNNM. Оружие мечты. Том 4,9.1,68,Кисиро Юкито,493,Осталось мало
Chibisan Date. Моменты Жизни. Том 2.,9.7,39,Хидэкадзу Химаруя,559,Осталось мало
Нелюдь. Том 6.,9.8,105,Сакураи Гамон,408,Осталось мало
Чудовище за соседней партой. Том 3.,9.5,139,Робико ,374,Осталось мало
"Илегенес, т. 4",9.4,55,Kuwabara M.,396,В наличии
Fairy Tail. Хвост Феи. Том 7,9.7,59,Масима Хиро,476,Последний экземпляр
Fairy Tail. Хвост Феи. Том 9,9.7,58,Масима Хиро,476,Осталось мало
Нелюдь. Том 9,9.6,68,Сакураи Гамон,408,Осталось мало
"Город, в котором меня нет. Том 2",9.5,20,Самбэ Кэй,579,Осталось мало
"Характеры-хранители, т. 3",10,30,Пич-Пит ,328,Последний экземпляр
Сага о Винланде. Том 3,new,Мало,Юкимура Макото,1139,В наличии
"Комикс Эльф не может похудеть, т. 4",new,Мало,Синекдоха,396,В наличии
_комикс Твоя апрельская ложь. Том 4,new,Мало,Наоси Аракава,579,В наличии
World of Warcraft. Маг,new,Мало,Кнаак Ричард ,545,Осталось мало
Дикие клыки,9.1,35,Ямагиси Хокуто ,499,Осталось мало
Росманга. Сильнейший в истории ученик Кэнити. Т.1,9.3,44,Мацуэна Сюн ,529,Осталось мало
Юная королева Джун. Т. 5,10,26,Ким ин Джу,155,Осталось мало
Юная королева Джун. Т.4,10,28,Ким ин Джу,229,Последний экземпляр
Голограф на Радужном поле,8.9,47,Асано Инио ,574,Осталось мало
Гримм-Манга. Т.2,9.6,91,Исияма Кей ,396,Последний экземпляр
_комикс Знаток муси. Том 9,new,Мало,Юки Урусибара,579,В наличии
_комикс Знаток муси. Том 7,new,Мало,Урусибара Юки,579,В наличии
У меня мало друзей. Том 19.,new,Мало,Итати ,459,В наличии
Клинок Бессмертного. Том 3,new,Мало,Самура Хироаки,1595,Последний экземпляр
Записки о лечении волшебных зверей. Том 4,—,Мало,Кадзия,579,В наличии
Твоя апрельская ложь. Том 3,—,Мало,Наоси Аракава,579,В наличии
Девочка из Чужеземья. Том 6,—,Мало,Нагабэ,579,В наличии
Страна чудес смертников. Том 13,9.5,24,Катаока Дзинсэй,459,Осталось мало
Моя геройская академия 4. Книги 7 и 8,9.6,254,Хорикоси Кохэй,749,В наличии
Воскресенье без Бога. Том 1,new,Мало,Кимихито Ириэ,1095,В наличии
Ателье колдовских колпаков. Том 1,9.8,34,Сирахама Камомэ,659,В наличии
Алый фруктовый взрыв. Том 1,new,Мало,Нацуко Такахаси,468,В наличии
Assassins Creed: Меч Шао Цзюнь. Том 2,new,Мало,Курата Минодзи,675,Осталось мало
_комикс Дракорничная госпожи Кобаяси. Том 3,new,Мало,Кул Кёсинндзя,579,В наличии
Голос далекой звезды. Том 1,9.5,44,Синкай Макото ,579,Осталось мало
Староста-горничная. Том 9,new,Мало,Фудзивара Хиро ,360,В наличии
Восхождение Героя Щита. Том 10,9.9,53,Кю Айя ,559,Последний экземпляр
Твоя апрельская ложь. Том 1,—,Мало,Наоси Аракава,659,В наличии
World of Warcraft. Крыло тени. Драконы Запределья,new,Мало,Кнаак Ричард ,545,Осталось мало
Assassins Creed: Меч Шао Цзюнь. Том 4,new,Мало,Курата Минодзи,675,Осталось мало
Странники. Том 1,new,Мало,Юкимура Макото,1245,Последний экземпляр
Кофейный дневник,new,Мало,Аихара Тамито,468,Последний экземпляр
Дневник будущего. Том 9,9.7,38,Сакаэ Эсуно,468,Последний экземпляр
Бакуман 7,9.7,157,Ооба Цугуми ,749,В наличии
"Староста-горничная, т. 4",9.6,121,Фудзивара Хиро ,432,Осталось мало
BECK. Восточная Ударная Группа. Книга 2,new,Мало,Сакуиси Харольд,1595,В наличии
Chibisan Date. Моменты жизни,9.5,111,Хидэкадзу Химаруя,559,Осталось мало
Научное доказательство любви. Том 3,new,Мало,Ямамото Альфред,645,Последний экземпляр
Хеталия и страны Оси. Т.2 +с/о,9.3,53,Хидэкадзу Химаруя,396,В наличии
Ателье колдовских колпаков. Том 4,—,Мало,Сирахама Камомэ,579,В наличии
Ателье колдовских колпаков. Том 3,9.7,22,Сирахама Камомэ,579,В наличии
Людоеды,9.2,21,Такахаси Ё.,754,Последний экземпляр
Assassins Creed: Вальгалла. Кровные братья,new,Мало,Фэн Цзысу,675,В наличии
"Я - Сакамото, а что? Том 1.",9.5,199,Нами Сано,559,В наличии
Научное доказательство любви. Том 7,new,Мало,Ямамото Альфред,645,В наличии
Староста-горничная. Том 10,new,Мало,Фудзивара Хиро ,360,В наличии
Бакуман. Том 4 . Книги 7-8 : манга,9.6,296,Ооба Цугуми ,749,Осталось мало
Восхождение Героя Щита. Том 15,new,Мало,Кю Айя ,559,В наличии
"Город, в котором меня нет. Том 1",9.4,35,Самбэ Кэй,659,В наличии
Врата;Штейна 0. Том 4.,new,Мало,Химэно Така,459,В наличии
Бакуман. Том 3. Книги 5-6 : манга,9.6,373,Ооба Цугуми ,749,В наличии
Обещанная страна грёз. Книга 6,new,Мало,Сираи Каиу,1139,В наличии
Обещанная страна грёз. Книга 7,new,Мало,Сираи Каиу,1139,В наличии
Восхождение Героя Щита. Том 8.,9.8,165,Кю Айя ,459,Осталось мало
Шоу уродов господина Араси,new,Мало,Маруо Суэхиро ,754,Последний экземпляр
Fairy Tail Хвост Феи. Том 16,new,Мало,Масима Хиро,476,В наличии
Невеста чародея. Том 10,—,Мало,Ямадзаки Корэ,579,В наличии
Роскошный Карат. Добродетель тьмы. Том 2,—,Мало,Ю Хигури ,432,Последний экземпляр
Девочка из Чужеземья. Том 1,9.7,44,Нагабэ,579,В наличии
У меня мало друзей. Комикс. Том. 20,new,Мало,Итати ,459,Осталось мало
Сага о Винланде. Том 1,9.7,59,Юкимура Макото,1139,В наличии
Томино в ад. Том 1,9.5,22,Маруо Суэхиро ,468,В наличии
Рыцари Сидонии. Том 1.,9.4,61,Цутому Нихэй,559,В наличии
Ателье колдовских колпаков. Том 2,9.7,21,Сирахама Камомэ,579,В наличии
Дневник будущего. Том 10,9.6,31,Сакаэ Эсуно,468,Последний экземпляр
Загадка Дьявола. Том 5,9.2,26,Кога Юн ,408,Осталось мало
У меня мало друзей. Том 18,—,Мало,Итати ,459,В наличии
"""Страна чудес смертников"". Том 5",9.6,27,Катаока Дзинсэй,459,Осталось мало
Первый отряд. Момент истины,—,Мало,Шприц Михаил ,659,В наличии
Записки о лечении волшебных зверей. Том 5,new,Мало,Кадзия,579,В наличии
Sword Art Online Progressive. Том 1,9.5,36,Кавахара Р.,579,В наличии
_комикс Дракорничная госпожи Кобаяси. Том 6,—,Мало,Кул Кёсинндзя,579,В наличии
Хвост Феи. Том 14,new,Мало,Масима Хиро,476,Осталось мало
Комикс «Мальчик-кайдан. Том 2. Истории о призраках»,new,Мало,Такахаси Ёскэ,754,Осталось мало
Госпожа Кагуя: В любви как на войне: Любовная битва двух гениев. Книга 6,new,Мало,Акасака Ака,913,В наличии
Нелюдь. Том 8,9.8,79,Сакураи Гамон,408,В наличии
"Хеталия, т. 4",9.6,85,Хидэкадзу Химаруя,396,Осталось мало
Загадка дьявола. Том 3,9.7,36,Кога Юн ,559,В наличии
Нелюбимый. Т.1 +с/о,9.2,82,Кога Юн ,468,Осталось мало
"Хеталия, т. 6",9.4,78,Хидэкадзу Химаруя,396,Осталось мало
Невеста чародея. Том 1,9.3,38,Ямадзаки Корэ,659,В наличии
"Я - Сакамото, а что? Том 2.",9.5,124,Нами Сано,559,В наличии
Assassins Creed: Меч Шао Цзюнь. Том 3,—,Мало,Курата Минодзи,675,Последний экземпляр
Невеста чародея. Том 12,—,Мало,Ямадзаки Корэ,659,В наличии
Остров собак,new,Мало,Мотидзуки Минэтаро,845,В наличии
Окаменелые грезы,new,Мало,Кон Сатоси,1795,Осталось мало
GUNNM. Оружие мечты. Том 6,10,21,Кисиро Юкито,559,В наличии
Бакуман. Книга 10,9.5,80,Ооба Цугуми ,749,В наличии
Бакуман 8,9.5,112,Ооба Цугуми ,749,Последний экземпляр
"Fairy Tail ""Хвост Феи"". Том 6",9.5,87,Масима Хиро,476,Осталось мало
"Fairy Tail ""Хвост Феи"". Том 5",9.5,85,Масима Хиро,476,Осталось мало
Загадка дьявола. Том 4,9.0,26,Кога Юн ,408,Осталось мало
Семь смертных грехов. Том 6.,new,Мало,Судзуки Накаба,709,В наличии
Проза бродячих псов. Том 1,9.4,247,Асагири Кафка,794,Доставим после начала продаж
Сага о Винланде. Книга вторая,9.8,33,Юкимура Макото,999,В наличии
Девушка из прачечной,new,Мало,Хиро К.,432,В наличии
Ария. Том1,10,21,Кодзуэ Амано ,754,Осталось мало
Ванильная глазурь. Том 1,—,Мало,Ли Ромо,499,В наличии
Комикс Когда зацветет Эджвортия,—,Мало,Фуми Фумико,644,В наличии
Кровь виновного пса. Т.1.,9.3,80,Тяямати Сугуро ,499,В наличии
Девочка из Чужеземья Т. 3,10,28,Нагабэ,579,Осталось мало
"Томино в аду, том 3",9.5,20,Маруо Суэхиро ,432,Осталось мало
Чудовище за соседней партой. Том 5.,9.5,102,Робико ,391,В наличии
"Цветы зла, т. 6",8.9,47,"Ли Хён Сук , Ли Харпер ",263,Осталось мало
"Нелюбимый, т. 3",9.5,81,Кога Юн ,396,Последний экземпляр
"Куклы, т. 3",8.6,33,Саки Отоо,328,Последний экземпляр
"Джек Фрост, т. 4",9.0,27,Ко Джин Хо ,360,Последний экземпляр
"Togainu no Chi, т. 10",9.5,47,Suguro Chayamachi,299,Осталось мало
"Ночной изгнанник, т. 2",9.3,32,Акино Мацури ,328,Последний экземпляр
"Сильнейший в истории ученик Кэнити, т. 4",9.0,22,Мацуэна Сюн ,325,Осталось мало
"Оверман Король Гэйнер, т. 3",—,Мало,"Томино, Ёсиюки , Накамура, Ёсихиро",87,Последний экземпляр
У меня мало друзей. Том 12,10,88,Итати,340,Осталось мало
"У меня мало друзей, том 5. (Манга)",9.9,134,Итати,340,Последний экземпляр
"У меня мало друзей, том 9. (Манга)",9.7,127,Итати,340,Осталось мало
Человек-череп. Т.4,—,Мало,Симамото Кадзухико ,87,Осталось мало
Человек-череп.Т.3,—,Мало,Симамото Кадзухико ,93,В наличии
Кровь виновного пса. Т.2.,9.7,69,Тяямати Сугуро ,328,Осталось мало
Дисбаланс. Т. 1.,7.6,56,Су Хен Ли,468,Осталось мало
Коллекция ужасов. Т. 2,8.7,31,Хино Хидеши ,69,Последний экземпляр
Redrum 327. Т. 2,9.1,62,Сен Ко Я,396,Последний экземпляр
Кантарелла. Т.4 +с/о,9.2,25,Ю Хигури ,396,Осталось мало
Тилсим,7.9,22,Илдирим Рейхан ,328,Осталось мало
Герой. Т. 1,—,Мало,Хван Ким,396,Осталось мало
"Чобиты, том 1",9.3,63,CLAMP ,468,Последний экземпляр
"Чобиты, том 2",9.7,67,CLAMP ,499,Последний экземпляр
Коллекция ужасов. Т. 1,9.0,36,Хино Хидеши ,396,Осталось мало
Дисбаланс. Т. 6,9.2,33,Лим Далл Ён ,123,Последний экземпляр
Созвездие воображаемых зверей. Т. 2,9.6,57,Акино Мацури ,396,Осталось мало
Комикс Форма голоса Т. 6 (супер) (м) Оима,10,38,Оима Ёситоки,579,Последний экземпляр
Комикс Форма голоса Т. 7 (супер) (м) Оима,9.8,42,Оима Ёситоки,579,Осталось мало
Комикс Двойняшки Фуро,9.4,28,Юки Сивасу,579,В наличии
Комикс Волчьи дети Амэ и Юки Т. 3 (супер) (м) Хосода,9.8,27,Хосода Мамору,579,В наличии
Волколуние (супер),—,Мало,Ю Томофудзи,579,Осталось мало
Ну не может моя сестренка быть такой милой. Том 4,9.0,37,Икэда Сакура,374,Осталось мало
Токийский Призрак. Том 2. Будь с нами,9.0,50,Ремендер Рик ,675,Осталось мало
"Железный миротворец, т. 4",—,Мало,Куроно Нанаэ ,328,Осталось мало
"Характеры-хранители, т. 9",—,Мало,Пич-Пит ,328,Осталось мало
Дикая планета,new,Мало,"Мацумото, Дзиро",1345,Последний экземпляр
"Кантарелла, т. 5",9.0,20,Ю Хигури ,231,Осталось мало
"Любовь онлайн, т. 9",—,Мало,Боци Чжан,299,Осталось мало
"Дневник демона, т. 6",—,Мало,Ли Джи Хён ,288,Осталось мало
Шерлок. Том 2,9.3,32,Кёджон Квон,328,Осталось мало
"Дневник демона, т. 5",—,Мало,Ли Джи Хён ,396,Осталось мало
"Дневник демона, т. 2",—,Мало,Ли Джи Хён ,238,Осталось мало
"Togainu no Chi, т. 6",9.5,46,Suguro Chayamachi,299,Осталось мало
"Любовь онлайн, т. 8",9.0,21,Боци Чжан,105,Последний экземпляр
"Цветы зла, т. 7",9.1,45,"Ли Хён Сук , Ли Харпер ",263,Осталось мало
"Джек Фрост, т. 3",9.2,26,Ко Джин Хо ,328,Осталось мало
"Лунный мальчик, т. 2",—,Мало,Ён Ю Ли,303,Последний экземпляр
"Togainu no Chi, т. 7",9.3,44,Suguro Chayamachi,499,Осталось мало
"Любовь онлайн, т. 10",—,Мало,Боци Чжан,299,Осталось мало
"Гештальт, т. 3",8.5,21,Кога Юн ,299,В наличии
Страна Чудес Смертников. Том 7,9.6,26,Катаока Дзинсэй,459,Осталось мало
"Созвездие воображаемых зверей, т. 8",9.3,30,Акино Мацури ,288,Осталось мало
Ария,—,Мало,Кодзуэ Амано ,754,Последний экземпляр
Чудовище за соседней партой. Том 11,10,28,Робико ,408,В наличии
Fairy Tail. Том 10,9.7,52,Масима Хиро,476,Осталось мало
"Куклы, т. 4",8.7,31,Саки Отоо,328,Осталось мало
Невеста чародея. Том 6,9.3,29,Ямадзаки Корэ,579,В наличии
"Джек Фрост, Т. 11",—,Мало,Ко Джин Хо ,328,Осталось мало
Нелюбимый. Том 7,9.7,34,Кога Юн ,396,Осталось мало
"Поцелуй вампира, том 2",9.1,37,Шрайбер Эллен ,432,Последний экземпляр
Мобильная маргаритка. Т. 1 : манга,9.4,94,Мотоми Кёсукэ ,529,Последний экземпляр
Юная королева Джун. Т. 6,10,26,Ким ин Джу,87,Последний экземпляр
"Я - Сакамото, а что? т.4.",9.6,86,Нами Сано,559,В наличии
Хребты безумия. Тетрадь вторая,10,26,Лавкрафт Говард Филлипс,432,Осталось мало
Нахальный принц и кошка-несмеяна. Том 7,9.7,117,Окомэкэн ,340,В наличии
Твоя апрельская ложь. Том 2,—,Мало,Наоси Аракава,659,В наличии
Франкенштейн,new,Мало,Ито Дзюндзи,989,Доставим после начала продаж
Серафим – 266613336 крыльев,new,Мало,Кон Сатоси,1495,Осталось мало
_комикс Знаток муси. Том 10,new,Мало,Юки Урусибара,579,В наличии
Fairy Tail. Хвост Феи. Том 11,9.7,41,Масима Хиро,476,Последний экземпляр
Warcraft. Трилогия Солнечного колодца. Тени во льдах,new,Мало,Кнаак Ричард ,545,Последний экземпляр
Страна Чудес Смертников. Том 9,9.3,24,Катаока Дзинсэй,459,Последний экземпляр
Хана-тян и форма мира,—,Мало,Уэда Рётаро,432,Осталось мало
Чудовище за соседней партой. Том 8.,9.5,60,Робико ,408,Осталось мало
Нахальный принц и кошка несмеяна 6,9.6,117,Окомэкэн ,340,В наличии
Мадам веселится. Том 1,new,Мало,Мацунаэ Акэми,396,Осталось мало
Fairy Tail. Хвост Феи. Том 13,9.3,23,Масима Хиро,476,Осталось мало
Warcraft. Трилогия Солнечного колодца: Охота на дракона,new,Мало,Кнаак Ричард ,625,Последний экземпляр
Чудовище за соседней партой. Том 10,9.5,44,Робико ,408,Осталось мало
Пес и другие рассказы Г. Ф. Лавкрафта,10,29,Лавкрафт Говард Филлипс,468,Последний экземпляр
"Опережая поцелуй, т. 1",9.6,56,Танака Мэка ,619,Осталось мало
Нахальный принц и кошка-несмеяна. Том 4,9.5,133,Окомэкэн ,340,Осталось мало
Нахальный принц и кошка-несмеяна. Том 5,9.6,120,Окомэкэн ,340,Осталось мало
Страна Чудес Смертников. Том 8,9.5,23,Катаока Дзинсэй,459,Последний экземпляр
_комикс Знаток муси. Том 6,new,Мало,Урусибара Юки,579,В наличии
Fairy Tail. Хвост Феи. Том 12,9.5,46,Масима Хиро,476,Осталось мало
Нелюдь. Том 7,9.9,76,Сакураи Гамон,408,Осталось мало
"Характеры-хранители, т. 4",10,27,Пич-Пит ,328,В наличии
"Куклы, т. 1",—,Мало,"Саки, Отоо , Томоми, Накамура",499,В наличии
Fairy Tail Хвост Феи. Том 17,new,Мало,Масима Хиро,476,В наличии
Fairy Tail. Хвост Феи. Том 15,new,Мало,Масима Хиро,476,В наличии
Warcraft. Трилогия Солнечного колодца: Призрачные земли,new,Мало,Кнаак Ричард ,545,Осталось мало
Нелюдь. Том 11,9.7,24,Сакураи Гамон,459,Осталось мало
Крысолов том1,8.6,23,Торао Асада ,468,Осталось мало
Созвездие воображаемых зверей. Т. 3,9.5,48,Акино Мацури ,396,Осталось мало
Цветы зла. Т.5,9.0,40,Ли Хён Сук ,353,Последний экземпляр
Инопланетяне в школе №9. Т. 3,—,Мало,Томидзава Хитоси,69,Осталось мало
Подружки. Т.4 +с/о,9.3,29,Моринага Милк ,499,Осталось мало
Охотник на ведьм. Т. 2,9.5,33,Чо Джон Ман,396,Осталось мало
Бракованная кукла,—,Мало,Симоцуки Каири,468,Осталось мало
Драмаcon. Т.1,8.2,35,Шмакова Светлана,328,Осталось мало
Любовь онлайн. Т. 7,9.0,21,Боци Чжан,328,Осталось мало
Зеро. Нулевой образец. Т. 7,7.8,21,Лим Далл Ён ,396,Осталось мало
"Подружки, том 1",8.9,49,Моринага Милк ,346,Осталось мало
Эмбрион мира. Т. 2,9.0,30,Морияма Дайсукэ ,229,Последний экземпляр
Эмбрион мира. Т. 1,9.1,43,Морияма Дайсукэ ,539,Осталось мало
Созвездие воображаемых зверей. Т.5,9.5,40,Акино Мацури ,432,В наличии
Зеро. Нулевой образец. Т. 1.,7.8,30,Лим Далл Ён ,69,Осталось мало
"Сладкий яд, том 1",—,Мало,"Хайн Д., Стейнбах Г.",396,Последний экземпляр
Подружки том 2,8.7,40,Моринага Милк ,499,Осталось мало
Лампадник,8.9,43,Котокава Ая ,499,Осталось мало
Цугумомо / том 2,9.0,43,Ёсикадзу Х.,152,Осталось мало
Аква. Т. 2,9.5,43,Кодзуэ Амано ,328,Последний экземпляр
Один прекрасный день. Т. 1,10,21,Сириэль ,219,Осталось мало
Рейдеры. Т. 2,8.7,29,Пак Чин Джун ,147,Осталось мало
Дисбаланс. Т. 4,9.0,37,Су Хен Ли,154,Последний экземпляр
MNG. Альманах русской манги. Вып. 1,6.7,26,"Кузнецова Н., сост.",499,Осталось мало
Зеро. Нулевой образец. Т. 5,7.9,22,Лим Далл Ён ,396,Осталось мало
Созвездие воображаемых зверей. Т. 1,9.5,71,Акино Мацури ,468,Осталось мало
Любимчик. Том 11,new,Мало,Танака Судзуки ,499,Осталось мало
47 ронинов,new,Мало,Ричардсон Майк,599,Осталось мало
Форма голоса. Том 3,—,Мало,Оима Ёситоки,579,В наличии
Эмбрион мира. Том 13,new,Мало,Морияма Дайсукэ ,609,Осталось мало
Созвездие воображаемых зверей. Том 11,new,Мало,Мацури А.,859,Осталось мало
Паразит. Том 2,—,Мало,Ивааки Хитоси,729,Последний экземпляр
Хеталия и страны Оси. Т.3 +с/о,9.4,97,Хидэкадзу Химаруя,396,Осталось мало
Комикс «Мальчик-кайдан. Том 3. Запутанные истории»,new,Мало,Такахаси Ёскэ,859,В наличии
Комикс Место для мальчиков,new,Мало,Фуруя Усамару,499,В наличии
_комикс Знаток муси. Том 8,new,Мало,Юки Урусибара,579,В наличии
Клинок Бессмертного. Том 4,new,Мало,Самура Хироаки,1595,Осталось мало
Эмбрион мира. Том 12,new,Мало,Морияма Дайсукэ ,609,Осталось мало
"Город, в котором меня нет. Том 7",—,Мало,Самбэ Кэй,579,В наличии
Прелестные изгибы,new,Мало,Урамото Юко,396,Осталось мало
Невеста чародея. Том 11,—,Мало,Ямадзаки Корэ,579,В наличии
Страна чудес смертников. Том 12,9.6,27,Катаока Дзинсэй,459,Осталось мало
У меня мало друзей. Том 17,10,24,Итати,408,Осталось мало
Ария. Том 3,—,Мало,Кодзуэ Амано ,754,Осталось мало
Летние войны. Том 1,—,Мало,Хосода М.,579,В наличии
Ария. Том 2,—,Мало,Кодзуэ Амано ,754,Осталось мало
Чудовище за соседней партой. Том 13,10,26,Робико ,408,Осталось мало
За гранью времен. Том 1,—,Мало,Лавкрафт Говард Филлипс,432,Последний экземпляр
GUNNM. Оружие мечты. Том 3.,9.7,71,Кисиро Юкито,493,Последний экземпляр
"Дневник демона, т. 1",8.7,31,Ли Джи Хён ,468,Осталось мало
Записки о лечении волшебных зверей. Том 2,—,Мало,Кадзия,579,Последний экземпляр
Волчица и пряности. Том VII,9.7,35,Хасэкура Исуна ,579,В наличии
"Музыка Марии, т. 2",9.0,22,Усамару Ф.,353,Осталось мало
"Куклы, т. 5",8.8,26,Саки Отоо,499,Осталось мало
"Созвездие воображаемых зверей, т. 6",9.4,37,Акино Мацури ,263,В наличии
Сад,—,Мало,Юити Ёкояма,252,Осталось мало
"One, т. 4",—,Мало,Вин Ли ,144,Осталось мало
"Дневник демона, т. 4",—,Мало,Ли Джи Хён ,238,Осталось мало
"Созвездие воображаемых зверей, т. 9",9.3,31,Акино Мацури ,288,Осталось мало
"Дневник демона, т. 7",—,Мало,Ли Джи Хён ,288,Осталось мало
"Созвездие воображаемых зверей, т. 7",9.2,28,Акино Мацури ,263,Последний экземпляр
"Принцесса-рыцарь, т. 2",—,Мало,Тэдзука Осаму ,468,Осталось мало
Яростная месть / том 1,—,Мало,Хипп Д.,396,Осталось мало
"Опережая поцелуй, т. 2",9.5,49,Танака Мэка ,405,Осталось мало
"Гештальт, т. 4",9.0,21,Кога Юн ,123,Осталось мало
Модель. Т. 3,9.6,63,Ли Со ин,209,Осталось мало
"Togainu no Chi, т. 9",9.4,43,Suguro Chayamachi,299,Последний экземпляр
Любовь онлайн. Т. 1,8.3,30,Боци Чжан,328,Осталось мало
Re:Play / том 2,8.5,20,Лижевски Кристи,137,Осталось мало
Любовь онлайн. Т. 4,9.1,24,Боци Чжан,328,Осталось мало
Корона. Т.4 +с/о,8.9,28,Ю Хигури ,328,Осталось мало
Кантарелла. Т.5 +с/о,—,Мало,Ю Хигури ,274,Последний экземпляр
Воспоминания маски. Т. 4,9.0,22,Ким Джонг Хан,64,Осталось мало
Бабочка. Т.3 : Манга,8.5,27,Айкава Ю ,405,Осталось мало
Готические виды спорта. Т. 1,8.4,49,Хаге Анике ,432,Осталось мало
Она + она + он,8.2,41,Кудзира ,499,Осталось мало
Невеста речного бога. Том 5,—,Мало,Мигён Ю.,500,Последний экземпляр
Цветы зла. Т.4,9.0,43,Ли Хён Сук ,229,Осталось мало
Джек Фрост. Т. 2. Амитивилль,9.0,33,Джин Хо Ко,219,Осталось мало
MNG. Альманах русской манги. Вып. 4,7.4,31,Кобышева Алена ,468,Последний экземпляр
MNG. Альманах русской манги. Вып. 2,7.4,39,"Кузнецова Н., сост.",299,В наличии
"Корона, том 3",8.8,27,Синдзи Вада ,231,Осталось мало
Охотник на ведьм. Т. 4,9.6,28,Чо Джон Ман,69,Осталось мало
Небесный десант. Т.1,8.8,22,Хён Ю ,328,Осталось мало
Небесный десант. Т. 5,—,Мало,Хён Ю ,69,Осталось мало
Бладхаунд. Гостевой клуб полуночных любовников,—,Мало,Юки К.,579,Осталось мало
Отель с видом на гавань,new,Мало,Сэкикава Н.,754,В наличии
Охотник на ведьм. Т. 3,9.3,32,Чо Джон Ман,328,Последний экземпляр
Цветы зла. Т. 2,8.8,54,"Ли Хён Сук , Ли Харпер ",432,Последний экземпляр
Небесный десант. Т. 2,8.9,23,Хён Ю ,328,Последний экземпляр
Кей,new,Мало,Танигути Д.,934,Осталось мало
Приют влюбленного психопата,new,Мало,Маруо Суэхиро ,969,В наличии
Дракон в поисках дома. Том 2,—,Мало,Тануки К.,579,В наличии
Синьор Агепито Медичи,—,Мало,Кошта,579,В наличии
Сага. Делюкс-издание. Том 2,new,Мало,Вон Брайан К.,2249,Осталось мало
Война миров. Том 1,new,Мало,Ихара Саи,432,В наличии
Железный миротворец т. 9,new,Мало,Куроно Нанаэ ,499,Осталось мало
Любимчик. Том 9,—,Мало,Судзуки Танака,432,Осталось мало
"Ольга, девочка из цирка. Том 2",—,Мало,Лунлун Ямамото,432,Осталось мало
"Ольга, девочка из цирка. Том 3",—,Мало,Лунлун Ямамото,432,Осталось мало
У меня мало друзей. Том 13,10,84,Итати,340,Осталось мало
Любовь онлайн. Т. 6,9.1,23,Боци Чжан,328,Осталось мало
MNG. Вып.6,7.5,20,Кобышева Алена ,288,Осталось мало
Номер один. Т.1,9.4,46,Ли Никки ,328,Последний экземпляр
Охотник на ведьм. Т. 6,9.3,29,Чо Джон Ман,328,Осталось мало
Легенда о Майане. Т. 2,—,Мало,Чон Су Чжоль,69,Последний экземпляр
Творец фигурок,8.6,29,Мацуока Окада ,432,Осталось мало
"Корона, том 2",8.7,24,Синдзи Вада ,328,Осталось мало
Готические виды спорта. Т. 2,7.6,32,Хаге Анике ,328,Осталось мало
"Школа лета, том 2",—,Мало,Остин Ч.,328,Последний экземпляр
Возвращение зла. Т. 4,—,Мало,Ли Джун Кю,288,Последний экземпляр
Re:Play / том 3,—,Мало,Лижевски Кристи,152,Осталось мало
One. Т. 2,9.0,21,Вин Ли ,64,Последний экземпляр
"Корона, том 1",8.8,34,Вада С.,396,Осталось мало
Адзуманга. Т.4 +с/о,9.2,52,Киехико Адзума,396,Осталось мало
Модель. Т. 2,9.7,70,Ли Со Ён ,396,Последний экземпляр
Пылающий ад. Т. 4. Падение,—,Мало,Лим Далл Ён ,209,Последний экземпляр
Небесный десант. Т. 4,—,Мало,Хён Ю ,328,Осталось мало
Отвязная троица. Т.4 +с/о,8.2,23,Сакураи Норио ,360,Осталось мало
Принцесса вампиров Мию. Т. 2,8.8,26,Какиноти Н.,468,Последний экземпляр
"Город, в котором меня нет. Том 6",—,Мало,Самбэ Кэй,579,В наличии
Возвращение зла. Т. 1,7.2,22,Ли Джун Кю,396,Осталось мало
Две стороны Мидзухо / том 2,8.1,27,Коидзуми Мари ,231,Осталось мало
Девочка из Чужеземья. Том 7,—,Мало,Нагабэ,579,В наличии
Девочка из Чужеземья. Том 8,—,Мало,Нагабэ,579,В наличии
"Город, в котором меня нет. Том 8",—,Мало,Самбэ Кэй,579,В наличии
"Город, в котором меня нет. Том 9",—,Мало,Самбэ Кэй,579,В наличии
Эмбрион мира. Том 11,new,Мало,Морияма Дайсукэ ,539,Осталось мало
Любимчик т.10,new,Мало,Судзуки Танака,432,Осталось мало
Эмбрион Мира. Том 10,—,Мало,Морияма Дайсукэ ,539,В наличии
Страна чудес смертников. Том 11,9.4,28,Катаока Дзинсэй,459,Осталось мало
Страна чудес смертников. Том 10.,9.5,23,Катаока Дзинсэй,459,Осталось мало
Эмбрион мира. Том 9,—,Мало,Дайскэ Морияма,539,Последний экземпляр
Лучшее время жизни. Том 1,—,Мало,Киман,679,Осталось мало
Характеры-хранители. Том 7,—,Мало,Пич-Пит ,328,Осталось мало
Orange. Том 4,—,Мало,Такано Итиго,579,В наличии
Orange. Том 5,—,Мало,Такано Итиго,579,В наличии
Арчи встречает группу Kiss,—,Мало,Сегура А.,675,В наличии
Знаток муси. Том 1,—,Мало,Урусибара Юки,579,В наличии
Знаток муси. Том 4,10,23,Урусибара Юки,579,Последний экземпляр
Трилогия поиска,—,Мало,Захарова Екатерина ,328,Последний экземпляр
Интриги Ватсона и новый Шерлок Холмс. Том 1,—,Мало,Акино Мацури ,324,Осталось мало
Фимиам невидимости,—,Мало,Манара Мило,969,Последний экземпляр
Отныне нас четыре сестры. Том 2,—,Мало,Кидзуки Акира,216,Осталось мало
"Суппон и Нэкомышка, и их мечча хорошая жизнь",—,Мало,Исияма Юток,425,Осталось мало
Чудовище за соседней партой. Том 12,10,28,Робико ,408,Осталось мало
Интриги Ватсона и новый Шерлок Холмс. Том 3,—,Мало,Акино Мацури ,324,Осталось мало
Отныне нас четыре сестры. Том 1,—,Мало,Кидзуки Акира,216,Осталось мало
Форма голоса. Том 2,10,43,Оима Ё.,579,В наличии
Невеста чародея. Том 5,9.6,31,Ямадзаки Корэ,579,В наличии
"Манман-тян, ан! Священные узы. Том 1",—,Мало,Кидзуки Акира,324,Последний экземпляр
Некрополис,—,Мало,Старостин Григорий,144,Последний экземпляр
Чудовище за соседней партой. Том 9.,9.1,54,Робико ,408,Осталось мало
Ад в бутылках,—,Мало,Маруо Суэхиро ,609,Осталось мало
Ну не может моя сестренка быть такой милой. Том 2,9.3,52,Икэда Сакура,374,Последний экземпляр
"Эмбрион мира, Т. 8",—,Мало,Морияма Дайскэ ,539,Осталось мало
У меня мало друзей. Том 14,10,60,Итати ,391,Осталось мало
Джек Фрост. Том 8,9.5,20,Ко Джин Хо ,328,Последний экземпляр
"Оверман Король Гэйнер, т. 2",—,Мало,"Томино, Ёсиюки , Накамура, Ёсихиро",87,Осталось мало
"Гештальт, т. 2",8.9,23,Кога Юн ,263,Осталось мало
"У меня мало друзей, том 11. (Манга)",9.9,113,Итати,340,В наличии
"Chibisan Date. Моменты жизни, том 3",9.8,39,Хидэкадзу Химаруя,559,В наличии
"У меня мало друзей, том 8. (Манга)",9.8,117,Итати,340,Осталось мало
"Лунный мальчик, т. 1",—,Мало,Ён Ю Ли,252,Осталось мало
"Опережая поцелуй, т. 4",9.3,44,Танака Мэка ,529,Осталось мало
"Созвездие воображаемых зверей, т. 10",9.3,31,Акино Мацури ,288,Осталось мало
Бланк (Blank),—,Мало,Поп Ман,328,Осталось мало
"У меня мало друзей, том 10. (Манга)",9.9,112,Итати,340,Осталось мало
Онинбо и адские личинки. Т. 2,9.0,20,Хино Хидеши ,432,Осталось мало
Рейдеры. Т. 3,8.3,21,Пак Чин Джун ,147,Осталось мало
Зеро. Нулевой образец. Т. 4,8.1,24,Лим Далл Ён ,396,Осталось мало
Зеро. Нулевой образец. Т. 3,8.2,25,Лим Далл Ён ,396,Последний экземпляр
Деньги на бочку! Т. 1,7.1,35,Лин М.,360,Последний экземпляр
Кантарелла. Т.3 +с/о,8.7,24,Ю Хигури ,432,Осталось мало
"Отвязная троица, том 3",8.0,25,Норио Сакураи,231,Осталось мало
Нулевой образец. Т.10,—,Мало,Лим Далл Ён ,231,Осталось мало
Школьный двор / том 1,—,Мало,Икэда Дзюн,396,Осталось мало
"Кантарелла, том 1",8.9,33,Ю Хигури ,231,Осталось мало
"Адзуманга, том 2",9.1,56,Киехико Адзума,396,Осталось мало
Кровь виновного пса. Т.3.,9.6,55,Тяямати Сугуро ,328,Последний экземпляр
Лучшее время жизни. Том 2,—,Мало,Киман,679,Осталось мало
Железный миротворец. Том 8,—,Мало,Куроно Нанаэ ,499,Последний экземпляр
Магазинчик обуви. Том 3,—,Мало,Чо Мин Йон,432,Осталось мало
To Your Eternity. Том 5,—,Мало,Ёситоки Оима,579,Последний экземпляр
Индейское лето,—,Мало,"Манара Мило, Пратт Уго",1499,Осталось мало
Железный миротворец. Том 7,—,Мало,Куроно Нанаэ ,499,Осталось мало
DFH!!,—,Мало,Akeema,240,Осталось мало
Отныне нас четыре сестры. Том 3,—,Мало,Кидзуки Акира,360,Осталось мало
Записки о лечении волшебных зверей. Том 3,—,Мало,Кадзия,579,Последний экземпляр
Гештальт. Том 6,—,Мало,Кога Юн ,360,Осталось мало
Куклы. Том 12,—,Мало,Саки О.,328,Осталось мало
Волчица и пряности. Том XIII,10,23,Хасэкура Исуна ,579,В наличии
Записки о лечении волшебных зверей. Том 1,—,Мало,Кадзия,659,Последний экземпляр
У меня мало друзей. Том 16,10,39,Итати ,408,Осталось мало
Волчица и пряности. Том VIII,10,27,Хасэкура Исуна ,579,В наличии
Волчица и пряности. Том 11,10,27,Хасэкура Исуна ,579,Последний экземпляр
Волчица и пряности. Том XII,10,20,Хасэкура Исуна ,579,В наличии
"Рыцари ""Сидонии"". Том 6",10,24,Цутому Нихэй,408,Осталось мало
Я не ангел! том 1,8.8,39,Сигэмацу Такако ,231,Осталось мало
Пылающий ад. Т. 3. Схватка,—,Мало,Лим Далл Ён ,209,Последний экземпляр
Священная мелодия. Т.4. Рок на пути к бессмертию,9.5,21,Хань И ,432,Осталось мало
"Отвязная троица, том 1",8.1,33,Норио Сакураи,360,Последний экземпляр
Воспоминания маски. Т. 2,9.1,24,Ким Джонг Хан,353,Осталось мало
Любовь онлайн. Т. 5,9.5,20,Боци Чжан,328,Осталось мало
"Ольга, девочка из цирка. Том 1",—,Мало,Лунлун Ямамото,396,Последний экземпляр
MNG. Вып.5,—,Мало,Кобышева Алена ,499,Осталось мало
Печальная песнь агнца. Т. 2,9.1,23,Томэ Кей ,328,Осталось мало
Возвращение зла. Т. 3,—,Мало,Ли Джун Кю,209,Осталось мало
Печальная песнь агнца. Т.3,—,Мало,Томэ Кей ,166,Последний экземпляр
Мой дорогой господин,9.0,20,Тика ,396,Осталось мало
Охотник на ведьм. Т. 5,9.5,23,Чо Джон Ман,219,Последний экземпляр
"Некроманки, том 3",—,Мало,Тамаоки Бэнкё,499,Осталось мало
Время героев. Ветер Солтии. Т. 3,—,Мало,Юн Вон Сик,396,Осталось мало
Падшая луна,—,Мало,Тои Хасуми,499,Последний экземпляр
Яростная месть том 2,—,Мало,Хипп Д.,328,Осталось мало
Возвращение зла. Т. 2,—,Мало,Ли Джун Кю,288,Осталось мало
Готические виды спорта. Т. 4,7.7,33,Хаге Анике ,328,Последний экземпляр
Легенда о Майане. Т. 1,—,Мало,Чон Су Чжоль,396,В наличии
Любовь онлайн. Т. 3,9.0,22,Боци Чжан,328,Осталось мало
"Некроманки, том 2",8.1,27,Бэнкё Т.,432,Осталось мало
Небесный десант. Т. 3,—,Мало,Хён Ю ,328,Осталось мало
"Школа лета, том 3",—,Мало,Остин Ч.,231,Осталось мало
Две стороны Мидзухо. Том 1,8.4,32,Мари Коидзуми,396,Последний экземпляр
Любовь онлайн. Т. 2,9.1,24,Боци Чжан,328,Последний экземпляр
Пылающий ад (Адово пламя). Том 2,8.9,23,Лим Далл Ён ,209,Осталось мало
Готические виды спорта. Т. 5,7.1,33,Хаге Анике ,219,Последний экземпляр
Музыка Марии. Т. 1,9.2,28,Фуруя Усамару ,432,Осталось мало
Время героев. Ветер Солтии. Т. 4,—,Мало,Юн Вон Сик,432,В наличии
Принцесса вампиров Мию. Т. 1,8.6,46,Какиноти Н.,396,Последний экземпляр
Пылающий ад. Т. 1. Контакт,8.9,24,Лим Далл Ён ,432,Последний экземпляр
Неземная любовь,8.0,20,Симоцуки Каири,468,Осталось мало
В мире снов. Т. 3,8.8,25,Чжэ Хо Юн,64,Осталось мало
Драмаcon. Т.2,9.0,41,Шмакова Светлана,328,Осталось мало
"Отвязная троица, том 2",8.1,27,Норио Сакураи,231,Осталось мало
Преступление и наказание,7.7,44,Тэдзука Осаму ,396,Осталось мало
Драмаcon. Т. 3,8.7,41,Шмакова Светлана,328,Осталось мало
Куклы. Т.2,8.8,26,Саки О.,328,Осталось мало
Крысолов / том 2,—,Мало,Трао Асада,166,Осталось мало
Рыцари Сидонии. Том 4.,10,25,Нихэй Цутому,408,Осталось мало
Принцесса-рыцарь. Т.3,—,Мало,Тэдзука Осаму ,574,Осталось мало
"Призрак в ночи, т. 3",—,Мало,Тихомирова Светлана,574,Последний экземпляр
"Номер один, т. 13",—,Мало,Ли Никки ,328,Осталось мало
"Таймасин. Дневник экзорциста, том 1",8.5,20,Кикути Хидэюки ,609,Осталось мало
Возрождение. Возвращение Вампира. Кн. 4,—,Мало,Ву ,69,Осталось мало
Рыцари Сидонии. Том 3.,9.8,42,Цутому Нихэй,391,Последний экземпляр
"Железный миротворец, т. 5",—,Мало,Куроно Нанаэ ,328,Осталось мало
"One, т. 10",—,Мало,Вин Ли ,328,Осталось мало
Звезда J-pop-3,—,Мало,Токо Я.,80,Последний экземпляр
"One, т. 11",—,Мало,Вин Ли ,396,Осталось мало
"One, т. 8",—,Мало,Вин Ли ,288,Осталось мало
Чудовище за соседней партой. Том 6.,9.5,98,Робико ,391,В наличии
Призрак в ночи. Том 2,—,Мало,Тихомирова Светлана,499,Осталось мало
Остров Т.1 (перев.с корейск.),—,Мало,Инван Ю.,426,Последний экземпляр
"Эмбрион мира, т. 5",—,Мало,Морияма Дайсукэ ,609,Осталось мало
"Эмбрион мира, т. 6",—,Мало,Морияма Дайсукэ ,458,Последний экземпляр
"Ангелы ковчега, т. 3",—,Мало,Санг Сун Пак,405,Осталось мало
"Призрак в ночи, т. 1",—,Мало,Тихомирова Светлана,499,Осталось мало
Крушитель Том 5,9.7,43,Пак Ч.,775,Осталось мало
"Ангелы ковчега, т. 1",—,Мало,Санг Сун Пак,405,Осталось мало
"One, т. 7",—,Мало,Вин Ли ,328,Осталось мало
"Ангелы ковчега, т. 2",—,Мало,Санг Сун Пак,405,В наличии
"Книга снов, т. 2",—,Мало,"Лим, Энджу , Лим, Чинджу",328,Осталось мало
"Время героев, т. 1",—,Мало,Юн Вон Сик,328,Последний экземпляр
"Двойная Спика, т. 2",—,Мало,"Ягинума, Ко",238,Осталось мало
Мой маленький принц,—,Мало,Арика И.,589,Осталось мало
"Железный миротворец, т. 2",—,Мало,Куроно Нанаэ ,432,Осталось мало
"One, т. 6",—,Мало,Вин Ли ,288,Осталось мало
Откровения Мнемы,—,Мало,Мадьярова Алина ,238,Осталось мало
"Togainu no Chi, т. 4",9.5,41,Suguro Chayamachi,499,В наличии
"Рейдеры, т. 5",—,Мало,Пак Чин Джун ,288,Осталось мало
"Номер один, т. 5",9.2,32,Ли Никки ,288,Осталось мало
"Куклы, т. 6",8.8,25,Саки Отоо,328,Осталось мало
"Железный миротворец, т. 1",9.2,27,Куроно Нанаэ ,432,В наличии
"Номер один, т. 3",9.2,33,Ли Никки ,238,Осталось мало
"Куклы, т. 7",8.3,24,Саки Отоо,328,Осталось мало
"Железный миротворец, т. 3",—,Мало,Куроно Нанаэ ,328,Осталось мало
"One, т. 3",—,Мало,Вин Ли ,288,В наличии
"Сильнейший в истории ученик Кэнити, т. 3",8.2,23,Мацуэна Сюн ,489,Последний экземпляр
Серафим,—,Мало,"Скоморохов, Константин",299,Осталось мало
Алиса в стране грехов,—,Мало,Fuidjo Kakeru,432,Осталось мало
"Герой, т. 4",—,Мало,Ким Хван ,263,Осталось мало
"One, т. 5",—,Мало,Вин Ли ,288,Последний экземпляр
"Номер один, т. 4",9.1,30,Ли Никки ,288,Осталось мало
"Один прекрасный день, т. 3",—,Мало,Сириэль ,288,Осталось мало
"Бабочка, т. 4",9.0,21,Айкава Ю ,405,Осталось мало
To Your Eternity. Том 6,—,Мало,Ёситоки Оима,579,Осталось мало
12 дней,—,Мало,Ким Джун ,396,Осталось мало
"Принцесса вампиров Мию, т. 3",—,Мало,Наруми К.,288,Осталось мало
"Герой, т. 2",—,Мало,Ким Хван ,263,Последний экземпляр
"Он, она и их обстоятельства, т. 4",—,Мало,Цуда Масами ,325,Осталось мало
Бандак. Том 3,—,Мало,Айс Лена,432,Осталось мало
Крушитель. Том 3,new,Мало,Пак Ч.,775,Последний экземпляр
Блюз мачехи и дочери. Том 1,—,Мало,Рин С.,396,Последний экземпляр
Блюз мачехи и дочери. Том 2,—,Мало,Рин С.,396,Последний экземпляр
Бандак. Том 5,—,Мало,Айс Лена,432,Осталось мало
Магазинчик обуви. Том 2,—,Мало,Чо Мин Йон,432,Осталось мало
Orange. Том 3,—,Мало,Такано Итиго,579,В наличии
Железный миротворец. Том 6,—,Мало,Куроно Нанаэ ,396,В наличии
Магазинчик обуви. Том 1,—,Мало,Чо Мин Йон,432,Осталось мало
"Эйко, или Жизнь старшеклассницы от А до Я",—,Мало,Акино Кондо,754,Осталось мало
Аваддон. Том 1,—,Мало,Семёнов А.,468,Осталось мало
Белая магия vs Черная магия. Том 3,—,Мало,Тао К.,499,Осталось мало
Re: Zero. Жизнь с нуля в альтернативном мире. День в столице королевства. Том 2,—,Мало,Мацусэ Даити,579,Осталось мало
Занимательная манга. Математика и электричество,—,Мало,Кэнъити Т.,1049,Осталось мало
Комикс Смог Т.1 (м) Рэй,—,Мало,Рэй К.,424,В наличии
Бандак. Том 4,—,Мало,Айс Лена,432,Осталось мало
Автоматическое управление. Манга,—,Мало,Такаяма Я.,904,Осталось мало
To Your Eternity. Том 4,—,Мало,Оима Ёситоки,579,Осталось мало
Стратосфера сна,—,Мало,Комацу Синья,679,Осталось мало
Занимательное строительство. Бетон,—,Мало,Исида Т.,904,Осталось мало
Путешествие к центру земли. По роману Жюля Верна. Том 3,—,Мало,Курадзоно Норихико,499,Осталось мало
"Манман-тян, ан! Священные узы. Том 2",—,Мало,Кидзуки Акира,360,Осталось мало
Путешествие к центру земли. По роману Жюля Верна. Том 4,—,Мало,Курадзоно Норихико,499,Осталось мало
Дракон в поисках дома. Том 1,—,Мало,Тануки К.,579,Осталось мало
"Манман-тян, ан! Священные узы. Том 3",—,Мало,Кидзуки Акира,396,Осталось мало
Возвращение в море,—,Мало,Кон Сатоси,579,Осталось мало
Shadrow. Том 1,—,Мало,Чугуй Л.,729,Осталось мало
Якутия,—,Мало,Федотов Евгений ,899,Осталось мало
Таймасин. Дневник экзорциста. Том 6,—,Мало,Кикути Хидэюки ,396,Осталось мало
Путешествие к центру земли. Том 1,—,Мало,Курадзоно Норихико,499,Осталось мало
Таймасин. Дневник экзорциста. Том 7,—,Мало,Кикути Хидэюки ,396,Осталось мало
Путешествие к центру земли. По роману Жюля Верна. Том 2,—,Мало,Курадзоно Норихико,499,В наличии
Вжух!,—,Мало,Кидзуки Акира,468,Осталось мало
Рыцари Сидонии. Том 5.,10,26,Нихэй Цутому,408,Осталось мало
"Номер один, т. 17",—,Мало,Ли Никки ,328,Последний экземпляр
Повелитель терний том 5,—,Мало,Ивахара Юдзи,500,Последний экземпляр
"Бандак, том 2",—,Мало,Айс Лена,432,Последний экземпляр
"Таймасин. Дневник экзорциста, том 3",—,Мало,Кикути Хидэюки ,644,Осталось мало
Излом т.3,—,Мало,Чунги П.,500,Последний экземпляр
"Номер один, т. 16",8.7,20,Ли Никки ,328,Последний экземпляр
"Номер один, т. 15",—,Мало,Ли Никки ,328,Осталось мало
Комикс Белая магия vs Черная магия Т. 2 (илл. Такаширо) (м) (супер) Тао,—,Мало,Тао К.,450,Осталось мало
To Your Eternity Т. 3,10,20,Оима Ёситоки,579,Осталось мало
Комикс Повелитель терний т.3 (супер) (м) Ивахара,—,Мало,Ивахара Юдзи,500,Последний экземпляр
To Your Eternity Т. 2,9.7,21,Оима Ёситоки,579,Осталось мало
Невеста речного бога Т. 12,—,Мало,Юн М.,500,Последний экземпляр
Монстр. Том 1.,new,Мало,Урасава Наоки,1090,Доставим после начала продаж
Комикс Повелитель терний т.6,—,Мало,Ивахара Юдзи,500,Последний экземпляр
Моя геройская академия. Книга 10. Культурный фестиваль. Долгожданное открытие,new,Мало,Хорикоси Кохэй,745,Доставим после начала продаж
Пустая шкатулка и нулевая Мария. Книга 4,new,Мало,Микагэ Эйдзи,746,Доставим после начала продаж
"""Веск"". Книга 1. Книга 2 (комплект из 2 книг)",new,Мало,Сакуиси Харольд,2695,В наличии
Naruto. Наруто. Книга 7. Наследие,9.4,26,Кисимото Масаси ,894,Доставим после начала продаж
Бэтмен. Detective Comics. Банда Страны чудес! (сингл),new,Мало,Дини Пол,193,Доставим после начала продаж
Бригада пылающего пламени. Том 1,new,Мало,Ацуси Окубо,779,Доставим после начала продаж
Y. Последний мужчина. Том 2,new,Мало,Вон Брайан К.,1921,Доставим после начала продаж
Beastars. Выдающиеся звери. Том 6,new,Мало,Итагаки Пару,821,Доставим после начала продаж
Король шаманов. Том 3.,new,Мало,Такэи Хироюки ,799,Доставим после начала продаж
Король шаманов. Том 2.,new,Мало,Такэи Хироюки ,799,Доставим после начала продаж
Проза бродячих псов. Том 8.,9.2,25,Асагири Кафка,660,Доставим после начала продаж
Проза бродячих псов. Том 7.,8.7,31,Асагири Кафка,660,Доставим после начала продаж
Научное доказательство любви. Том 8: манга,new,Мало,Ямамото Альфред,531,Доставим после начала продаж
Знак Ватцеля,—,Мало,Такэтоми Т.,579,Последний экземпляр
Shadrow. Том 3,—,Мало,Чугуй Л.,729,Осталось мало
Хищная принцесса Егрина. Том 1,—,Мало,Ильгвон Х.,500,Осталось мало
Неваляшка. Том 1,—,Мало,Ямакава А.,579,Последний экземпляр
Стальной Алхимик. Книга 17,9.1,24,Аракава Хирому ,989,Доставим после начала продаж
Смог. Том 2,—,Мало,Рэй Кристин,424,Осталось мало
To Your Eternity. Том 7,—,Мало,Оима Ёситоки,579,В наличии
Рыцари Сидонии. Том 9,new,Мало,Нихэй Цутому,408,В наличии
Гостья М День 2-й,new,Мало,Кояма К.,679,Осталось мало
Комикс Номер один т.14 (м) Ли,—,Мало,Ли Никки ,328,Осталось мало
One Piece. Большой куш. Книга 9. Приключения на божьем острове,10,44,Ода Эйитиро ,894,В наличии
SPY x FAMILY: Семья шпиона. Том I,9.9,53,Тацуя Эндо,699,В наличии
Токийский гуль: zakki,9.7,79,Исида Суи,799,В наличии
Токийский гуль 2. Книги 3-4: манга,9.6,670,Исида Суи,801,В наличии
Моя геройская академия. Книга 8,9.6,78,Хорикоси Кохэй,746,В наличии
One-Punch Man 1 Книги 1-2: манга,9.7,578,One,749,В наличии
Последнее путешествие девочек. Том 1,9.4,75,Цукумидзу,925,В наличии
Атака на титанов. Книга 17,9.4,223,Исаяма Хадзимэ ,746,В наличии
Истории монстров. Том 1,9.5,146,Исин Нисио,459,В наличии
Бездомный бог. Том 1.,9.7,767,Адатитока ,559,В наличии
Sailor Moon. Том 1.,9.6,294,Такэути Наоко,609,В наличии
Моя геройская академия. Том 2,9.3,414,Хорикоси Кохэй,749,В наличии
Атака на Титанов. Книга 3,9.5,1K,Исаяма Хадзимэ ,749,В наличии
Атака на Титанов. Выбор без сожалений. Книги 1 и 2,9.5,996,Суруга Хикару,749,В наличии
Проза бродячих псов. Том 5,9.3,184,Асагири Кафка,794,В наличии
One Piece. Большой куш. Книга 1,9.7,415,Ода Эйитиро ,897,В наличии
Берсерк. Том 4,9.7,126,Миура Кэнтаро ,1109,В наличии
Death Note. Истории,9.5,104,Ооба Цугуми ,618,В наличии
Король шаманов. Том 1,9.8,95,Такэи Хироюки ,899,В наличии
Атака на титанов. Книга 2,9.6,1.2K,Исаяма Хадзимэ ,749,В наличии
Naruto. Наруто. Книга 2. Мост героя,9.4,486,Кисимото Масаси ,894,В наличии
Человек-бензопила. Книга 4. Во сне. Настоящая жесть,9.9,154,Фудзимото Тацуки,894,В наличии
Человек-бензопила. Книга 3. Несовершеннолетний. Бум-бум-бум,9.6,290,Фудзимото Тацуки,894,В наличии
Моя геройская академия. Том 1,9.2,687,Хорикоси Кохэй,749,В наличии
Человек-бензопила. Книга 2. Убить Дэндзи. Мощь огнестрельного оружия,9.5,375,Фудзимото Тацуки,894,В наличии
Death Note. Black Edition. Книга 1,9.7,1.4K,Ооба Цугуми ,1001,В наличии
Токийский гуль. Книга 1,9.4,1.1K,Исида Суи,801,В наличии
Магическая битва. Книга 1. Двуликий Сукуна. Проклятый плод,9.7,171,Акутами Гэгэ,799,В наличии
Атака на титанов. Книга 1,9.4,1.7K,Исаяма Хадзимэ ,749,В наличии
Истребитель демонов. Том 3. Воспрянь духом,9.3,139,Готогэ Коёхару,690,В наличии
Проза бродячих псов. Том 6,9.4,155,Асагири Кафка,794,В наличии
Человек-бензопила. Книга 1. Пес и бензопила. Бензопила против нетопыря,9.3,611,Фудзимото Тацуки,894,В наличии
Истребитель демонов. Том 2. Ты...,9.3,128,Готогэ Коёхару,690,В наличии
Naruto. Наруто. Книга 1. Наруто Удзумаки,9.1,871,Кисимото Масаси ,894,В наличии
